1,5,나 낼 출근할 수 있을까?,상사가 민트초코국밥 시켜서 진짜 이건 아니다 싶어서 한판 뜨고옴 ㅎㄷㄷㄷ,2022-08-14,596
2,5,나 엄마랑 싸웠어,바람때문에 방문이 세게 닫힌건데 엄마가 문 세게 닫지 말라고 뭐라 함 ㅜ ,2022-08-15,606
3,5,나 낼 출근할 수 있을까?,상사가 민트초코국밥 시켜서 진짜 이건 아니다 싶어서 한판 뜨고옴 ㅎㄷㄷㄷ,2022-08-16,599
4,6,나 낼 출근할 수 있을까?,상사가 민트초코국밥 시켜서 진짜 이건 아니다 싶어서 한판 뜨고옴 ㅎㄷㄷㄷ,2022-08-17,598
5,7,나 엄마랑 싸웠어,바람때문에 방문이 세게 닫힌건데 엄마가 문 세게 닫지 말라고 뭐라 함 ㅜ ,2022-08-18,577
6,8,무단횡단하는 아줌마 만남,신고해야징 쿠쿠루삥뽕,2022-08-19,585
7,9,무단횡단하는 아줌마 만남,신고해야징 쿠쿠루삥뽕,2022-08-20,602
8,9,나 엄마랑 싸웠어,바람때문에 방문이 세게 닫힌건데 엄마가 문 세게 닫지 말라고 뭐라 함 ㅜ ,2022-08-21,595
9,9,신방뿡빵??,이게 또 요새 새로운 신조어래 알고들 있었어?,2022-08-22,574
10,10,무단횡단하는 아줌마 만남,신고해야징 쿠쿠루삥뽕,2022-08-23,579
11,14,신방뿡빵??,이게 또 요새 새로운 신조어래 알고들 있었어?,2022-08-24,588
12,14,신방뿡빵??,이게 또 요새 새로운 신조어래 알고들 있었어?,2022-08-25,597
13,17,나 엄마랑 싸웠어,바람때문에 방문이 세게 닫힌건데 엄마가 문 세게 닫지 말라고 뭐라 함 ㅜ ,2022-08-26,583
14,18,무단횡단하는 아줌마 만남,신고해야징 쿠쿠루삥뽕,2022-08-27,604
15,18,무단횡단하는 아줌마 만남,신고해야징 쿠쿠루삥뽕,2022-08-28,592
16,20,신방뿡빵??,이게 또 요새 새로운 신조어래 알고들 있었어?,2022-08-29,605
17,21,신방뿡빵??,이게 또 요새 새로운 신조어래 알고들 있었어?,2022-08-30,582
18,25,무단횡단하는 아줌마 만남,신고해야징 쿠쿠루삥뽕,2022-08-31,610
19,25,나 엄마랑 싸웠어,바람때문에 방문이 세게 닫힌건데 엄마가 문 세게 닫지 말라고 뭐라 함 ㅜ ,2022-09-01,573
20,25,나 낼 출근할 수 있을까?,상사가 민트초코국밥 시켜서 진짜 이건 아니다 싶어서 한판 뜨고옴 ㅎㄷㄷㄷ,2022-09-02,607
21,27,신방뿡빵??,이게 또 요새 새로운 신조어래 알고들 있었어?,2022-09-03,584
22,27,무단횡단하는 아줌마 만남,신고해야징 쿠쿠루삥뽕,2022-09-04,608
23,29,나 낼 출근할 수 있을까?,상사가 민트초코국밥 시켜서 진짜 이건 아니다 싶어서 한판 뜨고옴 ㅎㄷㄷㄷ,2022-09-05,578
24,30,무단횡단하는 아줌마 만남,신고해야징 쿠쿠루삥뽕,2022-09-06,614
25,30,나 엄마랑 싸웠어,바람때문에 방문이 세게 닫힌건데 엄마가 문 세게 닫지 말라고 뭐라 함 ㅜ ,2022-09-07,572
26,31,나 낼 출근할 수 있을까?,상사가 민트초코국밥 시켜서 진짜 이건 아니다 싶어서 한판 뜨고옴 ㅎㄷㄷㄷ,2022-09-08,603
27,33,신방뿡빵??,이게 또 요새 새로운 신조어래 알고들 있었어?,2022-09-09,568
28,33,나 낼 출근할 수 있을까?,상사가 민트초코국밥 시켜서 진짜 이건 아니다 싶어서 한판 뜨고옴 ㅎㄷㄷㄷ,2022-09-10,601
29,35,신방뿡빵??,이게 또 요새 새로운 신조어래 알고들 있었어?,2022-09-11,612
30,36,나 낼 출근할 수 있을까?,상사가 민트초코국밥 시켜서 진짜 이건 아니다 싶어서 한판 뜨고옴 ㅎㄷㄷㄷ,2022-09-12,609
31,37,무단횡단하는 아줌마 만남,신고해야징 쿠쿠루삥뽕,2022-09-13,571
32,37,무단횡단하는 아줌마 만남,신고해야징 쿠쿠루삥뽕,2022-09-14,613
33,37,나 낼 출근할 수 있을까?,상사가 민트초코국밥 시켜서 진짜 이건 아니다 싶어서 한판 뜨고옴 ㅎㄷㄷㄷ,2022-09-15,576
34,38,나 엄마랑 싸웠어,바람때문에 방문이 세게 닫힌건데 엄마가 문 세게 닫지 말라고 뭐라 함 ㅜ ,2022-09-16,615
35,42,신방뿡빵??,이게 또 요새 새로운 신조어래 알고들 있었어?,2022-09-17,589
36,42,나 엄마랑 싸웠어,바람때문에 방문이 세게 닫힌건데 엄마가 문 세게 닫지 말라고 뭐라 함 ㅜ ,2022-09-18,580
37,45,신방뿡빵??,이게 또 요새 새로운 신조어래 알고들 있었어?,2022-09-19,616
38,45,나 낼 출근할 수 있을까?,상사가 민트초코국밥 시켜서 진짜 이건 아니다 싶어서 한판 뜨고옴 ㅎㄷㄷㄷ,2022-09-20,611
39,45,나 엄마랑 싸웠어,바람때문에 방문이 세게 닫힌건데 엄마가 문 세게 닫지 말라고 뭐라 함 ㅜ ,2022-09-21,591
40,47,신방뿡빵??,이게 또 요새 새로운 신조어래 알고들 있었어?,2022-09-22,587
41,47,신방뿡빵??,이게 또 요새 새로운 신조어래 알고들 있었어?,2022-09-23,575
42,47,무단횡단하는 아줌마 만남,신고해야징 쿠쿠루삥뽕,2022-09-24,600
43,47,나 엄마랑 싸웠어,바람때문에 방문이 세게 닫힌건데 엄마가 문 세게 닫지 말라고 뭐라 함 ㅜ ,2022-09-25,586
44,48,나 낼 출근할 수 있을까?,상사가 민트초코국밥 시켜서 진짜 이건 아니다 싶어서 한판 뜨고옴 ㅎㄷㄷㄷ,2022-09-26,594
45,48,무단횡단하는 아줌마 만남,신고해야징 쿠쿠루삥뽕,2022-09-27,567
46,49,신방뿡빵??,이게 또 요새 새로운 신조어래 알고들 있었어?,2022-09-28,581
47,49,나 낼 출근할 수 있을까?,상사가 민트초코국밥 시켜서 진짜 이건 아니다 싶어서 한판 뜨고옴 ㅎㄷㄷㄷ,2022-09-29,593
48,50,무단횡단하는 아줌마 만남,신고해야징 쿠쿠루삥뽕,2022-09-30,590
49,50,무단횡단하는 아줌마 만남,신고해야징 쿠쿠루삥뽕,2022-10-01,570
50,50,나 엄마랑 싸웠어,바람때문에 방문이 세게 닫힌건데 엄마가 문 세게 닫지 말라고 뭐라 함 ㅜ ,2022-10-02,569